ticker,liquidity,beta,sharpe,pe_ratio,momentum
ABCB4.SA,675049.1803278689,0.80783498631607,-0.0285860334121355,3.915547,-0.0208003096630592
AGRO3.SA,247523.77049180327,0.4905692371536947,-0.0749109083067254,7.874552,-0.0843309746328346
RAIL3.SA,13511445.901639344,1.2615119607073648,-0.0749077386414304,,-0.1387170019398149
ALPA3.SA,8702.459016393443,1.0185911385323254,-0.0043024866269956,44.466667,0.0132764836209109
ALPA4.SA,2863298.3606557376,1.6166338472018107,-0.0064712347593724,45.399998,0.0085345649618781
AMAR3.SA,288210.65573770495,0.3116709799964429,0.1126038763954347,0.55821913,0.4896112563928319
ABEV3.SA,34813137.704918034,0.8299777913288403,0.0371887097493556,14.879121,0.1053269476849804
BBAS3.SA,19702631.96721312,0.8843430155177195,0.0357175845045707,6.1385283,0.0834492463494419
BBDC3.SA,8890367.213114753,1.2620352845364484,-0.0415383631590756,8.846154,-0.0495304321791632
BBDC4.SA,40499705.73770492,1.3373906282455348,-0.0428892498992221,9.730769,-0.0600583807036053
BEEF3.SA,8867761.475409836,1.7969781083899576,-0.0274655915676654,,-0.0770942644228391
BPAN4.SA,1979948.3606557376,1.2955720280559249,-0.1153228200913895,11.903226,-0.2878758263249261
BRAP3.SA,72432.7868852459,0.661986385229984,-0.0217157231351901,3.8654292,-0.0061528016073989
BRAP4.SA,4020432.7868852457,0.8388112409094334,-0.0035875000762917,4.190255,0.0220493624710199
BRFS3.SA,8497350.819672132,0.72973103423352,-0.0697466553303162,10.010309,-0.1764127930921059
BRKM3.SA,21008.19672131148,1.3550271468046031,-0.1763997625235555,,-0.526924016061958
BRKM5.SA,3170719.672131148,1.642912393325772,-0.160692276945183,,-0.5385861921801456
BRSR6.SA,1498052.4590163934,0.7326143654390985,-0.0036229160967879,3.8626764,0.0224690878667785
OIBR3.SA,3528216.393442623,0.7551141336165839,-0.0715676966153973,0.010337641,-0.8004869074107515
OIBR4.SA,16176.22950819672,0.4097283789587372,-0.0557028817948029,0.06936223,-0.2359974371318985
B3SA3.SA,52908514.75409836,1.580911886611567,0.0408879330709073,14.939759,0.1439253222734648
CCRO3.SA,10380560.655737706,1.4433874558334825,-0.0204267384849366,18.854837,-0.0160809530413593
CEDO4.SA,724.7933884297521,0.3594369758731952,-0.0330162451395881,3.3070867,-0.0829601848015353
CGRA4.SA,8573.77049180328,0.2136658508122306,0.0658377973652414,6.2551723,0.1616480219991135
CMIG3.SA,219462.29508196723,0.6378139931608401,0.0300152309135694,7.1674643,0.0860046975603834
CMIG4.SA,13127086.06557377,0.8898239337676707,-0.0256144555336555,5.1387563,-0.0204729968578167
COCE5.SA,40573.77049180328,0.3775102839706024,-0.0741779629895095,6.612466,-0.1323640317208241
CPFE3.SA,2087290.163934426,0.5006775649546362,0.0854305114926342,8.101267,0.1530418642452035
CPLE3.SA,6255571.31147541,1.0172498497076532,0.0206396027901444,12.038463,0.0661057007919987
CPLE6.SA,16267163.114754098,1.070447908884723,0.0208233166052238,13.371796,0.0656706437829708
CSAN3.SA,20062399.18032787,2.117988903617246,-0.1483626385801582,,-0.4688723964831696
CSMG3.SA,1663451.6393442622,0.720626342653663,-0.0036786356039919,11.205742,0.0211266821863177
CSNA3.SA,11989627.049180329,2.0016109571704583,-0.0299155311543967,,-0.0866279143618899
CYRE3.SA,6606371.31147541,1.7594831607969716,0.0517373189567427,5.22,0.1689650585054614
DASA3.SA,853803.2786885246,1.4717295880391443,-0.0746857996148489,,-0.2521607225077217
DIRR3.SA,2109588.524590164,1.3950199407125876,0.0161052476136743,8.539726,0.0728914595009767
ECOR3.SA,4524216.393442623,2.783502140539269,-0.0604200250990165,4.0153847,-0.2448208956182166
ELET3.SA,9129118.852459015,1.0144953739845934,0.0333318076591446,9.262222,0.0876585880308523
ELET6.SA,1413170.491803279,0.9999582134639392,0.0289215587069697,9.986667,0.0776016188975819
EMBR3.SA,6195662.295081968,0.3981009592994318,0.1071601799845951,26.194853,0.4025047387331038
ENGI4.SA,14597.540983606556,1.275597957632998,-0.0115610789561247,4.415663,2.6171407069286445e-06
EQTL3.SA,8789338.360655738,1.2102209182352015,-0.0055284736156538,17.292553,0.0176965375584577
YDUQ3.SA,5035054.098360656,2.365275691322092,0.0516468991061398,9.870689,0.2530782096510148
ETER3.SA,149598.3606557377,0.9961154270325228,-0.0444849893196415,7.873016,-0.093995359478602
EUCA4.SA,41216.39344262295,0.779507435012441,-0.0689885997892224,5.9581394,-0.1297716189893335
EVEN3.SA,1326845.0819672132,1.5233100193981357,0.0322757201273032,6.8020835,0.1215756946584837
EZTC3.SA,2535737.704918033,1.82568588064468,0.0615960231887151,8.2,0.2406603835976689
FESA4.SA,461635.24590163934,1.1784959480807595,-9.036031456519904e-05,8.488889,0.0285995559523649
FHER3.SA,53668.03278688525,1.2266541994813271,0.0325508913263355,,0.4208284332846745
TASA4.SA,271498.3606557377,1.1967737029015242,-0.114913704563379,12.793652,-0.2693543524176811
FLRY3.SA,3434045.081967213,1.225688758745198,-0.1181419330277468,10.212389,-0.2515760527202416
GFSA3.SA,4495118.032786885,2.995833912185785,-0.0821364606974791,2.1578948,-0.4903492242245741
GGBR3.SA,73856.55737704918,0.747393703338381,-0.0053058547394561,7.417431,0.0166186379048309
GGBR4.SA,12816845.901639344,0.7786521592838866,-0.0241197564917605,7.9082565,-0.0267561164634794
GOAU3.SA,66371.31147540984,0.9346783743941924,-0.0497301519308829,6.4133334,-0.081951259814445
GOAU4.SA,8555581.967213115,0.9037388628693992,-0.046307238086839,6.346667,-0.079197471351304
GOLL4.SA,6009222.950819672,0.7839500746501367,0.0763315328382369,,0.385561027881616
GRND3.SA,1225126.2295081967,0.7193729577263333,-0.0002775974276176,6.8765435,0.028146979255805
HBOR3.SA,692840.1639344263,1.9280617673964668,-0.0225041279782697,4.2,-0.0551735016441106
PRIO3.SA,9273236.06557377,0.9605677642652924,-0.0761447408721973,3.2139952,-0.1431658258523479
HYPE3.SA,6424016.393442623,0.7638571387584823,-0.1021216079979197,9.50711,-0.2438878636293052
MEAL3.SA,456821.3114754098,0.8835694361183737,-0.0742636075708498,,-0.1989698048704271
INEP3.SA,40136.065573770495,0.1215968776566112,-0.0446397725544821,0.12911844,-0.1574056989781895
INEP4.SA,33046.72131147541,0.4542002224680435,-0.0437022554946851,0.11417004,-0.182025902606984
ITSA3.SA,172815.368852459,1.0173411805991932,0.0108228102010929,7.3161764,0.0472091119417484
ITSA4.SA,28683458.72131148,1.180520723070239,-0.0136854259239439,7.0441175,0.0051944949879922
ITUB3.SA,679113.524590164,1.020561520662295,0.0090544062815376,7.5291004,0.043822242737298
JBSS3.SA,8337990.163934426,0.7678432750227768,0.0929049118254606,12.312312,0.3126369481575262
JFEN3.SA,61370.24590163935,1.066800041810953,-0.099164520230767,,-0.6733096060111534
JHSF3.SA,3440453.2786885244,1.5049900540026775,-0.0049123410161212,4.241758,0.0155265752838025
JSLG3.SA,549836.8852459016,2.52837551715117,-0.079295734830496,4.219697,-0.3377148534725842
KEPL3.SA,1124502.4590163934,1.22913123468664,-0.0831788072838855,7.0088496,-0.1971644341154318
KLBN4.SA,1374172.1311475409,0.5053196176272787,-0.0036139052402692,12.833332,0.022447169092613
LEVE3.SA,346879.5081967213,0.7769896471557929,-0.0390286519398437,7.095,-0.0428972918968187
LIGT3.SA,642875.8524590164,0.6981380429187549,-0.0857967525034126,,-0.3678428942723213
LOGN3.SA,76727.04918032787,0.7055999636732522,-0.135087279759728,15.304965,-0.4353124231562711
LPSB3.SA,137213.9344262295,1.109829627567377,-0.0621053633829661,15.111111,-0.2053073147384273
LREN3.SA,18074935.327868853,2.0371793381555863,-0.0701579874129735,10.929204,-0.2353541709974278
LUPA3.SA,177800.0,0.9561884588656048,-0.009543647273812,1.1484075e-05,-0.0054994490280686
MDIA3.SA,890216.393442623,1.0195600528333124,-0.0052659184433942,12.481676,0.0112539861133202
MGEL4.SA,1415.573770491803,0.6477598905892158,-0.0858616565409702,,-0.4246885360318074
MGLU3.SA,27254832.786885247,3.016762871181567,0.0159238754081537,16.737705,0.1116979623592832
MILS3.SA,905595.0819672132,1.3619569113354282,-0.0501710247039894,8.260504,-0.090679016259214
ENEV3.SA,9112342.62295082,1.161316280700612,-0.0667486731574262,396.0,-0.1393255490868329
MRFG3.SA,8286884.426229509,0.8178728729005003,0.1171605701882858,9.444445,0.4608828416056398
MRVE3.SA,12969845.081967212,2.0812975488674312,-0.0885783411065397,,-0.3219848729665833
MULT3.SA,4418535.24590164,1.2233841397795129,-0.0578227520806997,9.672269,-0.0873414999021612
MYPK3.SA,1171259.0163934426,1.1715197258979146,0.0713357432300401,7.1525426,0.2246779508549596
ODPV3.SA,981064.7540983608,0.7574161763969748,-0.0036170887603062,10.979797,0.0197913472286056
OSXB3.SA,4409.016393442623,0.0562058666465454,-0.0347439535103697,,-0.1048611996325213
PDGR3.SA,612815.475409836,-87.37191082450018,0.0909398100267392,0.0029445323,70.10360390322421
PETR3.SA,9251826.229508195,0.7147735042650201,0.0263720537018665,12.231004,0.0769987591155483
PETR4.SA,31868373.770491805,0.6219976128065974,0.0372479195634685,11.170213,0.0842768335151075
PFRM3.SA,247224.5901639344,1.045207125835944,0.115029347991406,7.752688,0.3667300969498616
PINE4.SA,204656.10655737703,0.7642259341149027,-0.0004415366089239,3.9732141,0.0277130822637245
PLAS3.SA,422.3140495867768,0.4087270101183772,0.0166530888083554,,0.1101630624864378
PMAM3.SA,340753.34426229505,-0.8000237920263116,-0.0396272511175436,,-0.3028114694257383
POMO3.SA,452670.4918032787,1.4651743354946365,-0.0025583125503648,5.018348,0.0206421020354874
POMO4.SA,11769570.49180328,1.430582037376647,-0.0123557391364771,6.4036694,-0.0111464408872606
POSI3.SA,1140975.4098360655,2.0632498393715237,-0.0153289720750065,8.982456,-0.032545276764557
PSSA3.SA,2181212.295081967,0.711905109676785,0.0873046942356682,10.132353,0.1750025484753917
PTBL3.SA,410625.4098360656,1.8532467946087456,-0.0701943719660382,,-0.2460314846269672
PTNT4.SA,8114.754098360656,0.2028468549957065,0.0415222073808723,11.692308,0.1415068374020023
QUAL3.SA,4557594.262295082,2.1652619806528146,0.0069557112653126,87.5,0.0727939819986703
RAPT3.SA,28112.29508196721,1.106272248936809,-0.0091078634840888,6.870968,0.0057131209470931
RAPT4.SA,2511852.4590163934,1.2496131476764702,-0.0709435870624034,7.435484,-0.1500950317839282
RDNI3.SA,7262.295081967213,0.7559259876037375,-0.0340926635624293,,-0.1265145316238761
RENT3.SA,10616414.75409836,1.902010120110441,-0.0693950128920179,19.254438,-0.2094730113826576
RNEW11.SA,12651.393442622952,1.4015612452795496,0.0406748454174366,,0.5220442043185255
ROMI3.SA,169875.40983606558,1.0332419547734246,-0.0701826065634421,7.6147537,-0.1069421315511014
RSID3.SA,50660.65573770492,0.4271879851201631,0.0045513798901791,0.20962198,0.0466305307058078
SANB11.SA,2776308.196721312,1.2121621753748095,-0.0320419372943025,13.064516,-0.0375309060176802
SBSP3.SA,3537253.2786885244,1.0872023036583456,0.0264413515445613,16.06504,0.0774568486251446
SCAR3.SA,39222.13114754098,0.1824329409671841,-0.0471398804899671,,-0.0940259769207466
SHOW3.SA,120314.75409836066,0.4475364621379993,-0.0836246673691934,,-0.2588974512983618
SLCE3.SA,2568093.4426229508,0.4834262386038657,0.0291981312850568,16.0,0.0911080900727253
SMTO3.SA,1304468.0327868853,1.1924573566575551,-0.0748106181855941,6.8291135,-0.178941405528041
EGIE3.SA,1438612.2950819673,0.7050686222448252,-0.099260600697943,7.3511453,-0.107658260739765
TCSA3.SA,96963.9344262295,1.3061160008865658,-0.0698056172753369,,-0.2296266472572046
TECN3.SA,129636.88524590163,0.741795506206303,0.0429504735235765,6.043956,0.1850936143682564
TGMA3.SA,247337.7049180328,1.0258960563485808,0.1310381626794298,8.359412,0.2849996981413972
TOTS3.SA,4215489.344262295,1.3184199302962143,0.0549114744664432,28.218487,0.1898062068190369
TPIS3.SA,59624.59016393442,0.8160247743885053,0.0104822495299587,3.926829,0.0786947158850662
TRIS3.SA,562647.5409836066,1.5401414509667026,0.1025030834063244,6.5625005,0.2930106658663201
TAEE11.SA,1816677.049180328,0.7108791970566961,0.0019160853927065,39.03409,0.0312311380549298
UGPA3.SA,6284771.31147541,1.7861559535371845,-0.0597581060740459,8.265404,-0.1460226117480786
UNIP3.SA,9281.147540983606,0.6862465526210668,0.0545247077152845,10.63425,0.1624571001219713
UNIP6.SA,177327.04918032786,1.190571574069478,0.0570726841569944,11.416491,0.2045739492371042
USIM3.SA,297434.4262295082,1.4257743498391264,0.0001195091270938,inf,0.0291467409358224
USIM5.SA,12662564.75409836,1.4455718425235655,-0.0071275156562796,inf,0.0080166644176706
VALE3.SA,26445513.93442623,0.8306897745587429,-0.0099849960059367,6.9865527,0.0089499861772435
VIVR3.SA,101292.62295081968,0.4131194984201347,-0.1952277313902746,,-0.6255260655003613
VIVT3.SA,2385826.229508197,0.976222133201514,-0.0375942710073256,14.713017,-0.0467940580646669
VLID3.SA,481260.65573770495,0.7358492930525764,0.0408086489681104,4.915966,0.2004762678344933
WEGE3.SA,6740958.196721312,0.546039230520099,-0.0701736353791385,32.88889,-0.1256222624271488
BRSR5.SA,50.0,-0.127654998150035,-0.0361685739081942,5.28169,-0.0697459105327389
SANB4.SA,125810.65573770492,1.01168999819126,-0.0351323618292158,8.169591,-0.038021890370015
STBP3.SA,6039694.262295082,0.0646154912261236,0.0956619925606106,15.523256,0.0669768461724144
CGRA3.SA,2246.72131147541,0.0442863476672951,0.0466922591591891,6.0758624,0.1315584411688551
CLSC4.SA,2927.0491803278687,0.1102393881770041,0.0003382593024282,4.9594183,0.0292931080447693
TASA3.SA,11039.344262295082,0.954172463994536,-0.1340564181662911,12.825397,-0.2855870570760898
COGN3.SA,43984800.81967213,2.4132516699509097,0.0834169706413883,4.0,0.4236484883594005
RADL3.SA,9076795.901639344,1.256875996447425,-0.1123626611082908,27.333332,-0.2611527588951353
UCAS3.SA,45326.22950819672,0.1926951280844558,-0.1252646503440303,7.894737,-0.2725351669826068
ALUP11.SA,967328.68852459,0.7854676852656417,-0.036889836956648,7.0309134,-0.028618840090986
ANIM3.SA,10278078.68852459,3.380992926724134,-0.0003805771108392,,0.0266673552030017
BBSE3.SA,5018435.24590164,0.4321258869278835,0.1178347574364829,8.973094,0.1898070947939372
CVCB3.SA,22014424.59016393,2.843528716142022,0.0415954315628562,,0.2537762629057705
SEER3.SA,547516.393442623,2.294749757102691,-0.0390656584081743,17.851852,-0.1545785322790731
TUPY3.SA,656713.9344262296,0.8147033007235073,-0.1307774562494264,7.826087,-0.2729591097861858
BIOM3.SA,82512.29508196721,0.5568556405651025,0.0219644061146556,,0.1262657235128439
KLBN11.SA,4982850.0,0.5205731347775556,-0.0469734065690183,29.273827,-0.0455939029469869
NUTR3.SA,4840.983606557377,-0.35157879129796,-0.0736705447541952,6.3684216,-0.2137754818091328
BAZA3.SA,1866.3934426229507,0.3869090069124659,0.0020113079449709,3.7955003,0.0311141240675357
HGBS11.SA,16404.377049180326,0.0756877287193136,-0.0324676770954139,7.165912,-0.0101020879562133
HGPO11.SA,3629.270491803279,0.6135238025125763,-0.0698146074808738,,-0.4491000555236832
ABCP11.SA,821.4672131147541,-0.0681907432118238,0.1514192331030237,4.7071695,0.2713262676443279
BBRC11.SA,1224.7377049180327,-0.1581697605390805,-0.0310416426713537,,-0.022755502665648
BPFF11.SA,5820.811475409836,0.0092401824742476,-0.0604125516098106,,-0.0636041472645077
BRCR11.SA,36964.86885245902,0.1719517274816482,-0.1106695585744121,15.686275,-0.0999619175490554
CTXT11.SA,308.3524590163934,-0.4820031536780811,-0.0257726846843484,,-0.1293805196589165
CXTL11.SA,176.41803278688525,0.5944893309227077,0.0061041912214585,,0.0486198359631623
EURO11.SA,151.63114754098362,-0.3946477337370708,-0.0359643344839285,6.290827,-0.0467667399587932
RCRB11.SA,6866.270491803279,0.0905472903265221,0.0146290471342229,17.300272,0.0684703426338996
FIGS11.SA,2926.4262295081967,-0.0363029444659171,-0.0517083557956022,,-0.0539808845602149
FLMA11.SA,568.655737704918,0.2071552246744752,-0.0460484435692415,,-0.0582746858138275
FPAB11.SA,194.4754098360656,-0.2011557868911052,-0.0455816793592022,3.2027497,-0.117484098655243
HGCR11.SA,34056.40983606558,0.0218313959406451,-0.0247868862091716,,-0.0026311591124956
HGLG11.SA,50840.94262295082,0.0396972424421481,-0.0235538718567701,9.319778,0.0027374601787639
HGRE11.SA,15419.975409836066,0.1878029877384254,0.0295150794934497,15.354745,0.0826207992005748
JSRE11.SA,32682.319672131147,-0.0255853179291594,-0.0190656121791163,9.483091,-0.0032284742905219
KNCR11.SA,136955.72950819673,-0.1185124988481385,0.0089741310828985,9.333031,0.037087172599946
KNRE11.SA,13202.959016393444,0.6011361197062546,-0.0445868795042832,,-0.3768867943606658
KNRI11.SA,51927.147540983606,0.0980018277777658,-0.0187407814079959,8.980797,0.0055403114874087
MXRF11.SA,1710947.573770492,0.0788075923083724,-0.0590284756248,12.871429,-0.0382639700362883
PQDP11.SA,199.85245901639345,-0.0256197826837192,0.087229642587459,4.1889825,0.2000712413025374
PRSV11.SA,36.72950819672131,0.087192149148511,-0.0068601163089338,0.8643241,-0.0065708284681854
RBRD11.SA,1481.385245901639,0.0535340783536413,0.0282995032558567,,0.0938557514071003
RNDP11.SA,231.7622950819672,-0.0010509792682808,0.0320927734490332,,0.2046751326495839
RNGO11.SA,1716.573770491803,0.0453971436726007,-0.0116842780341626,11.439491,0.0120673359444715
SHPH11.SA,356.3688524590164,0.0950381122167686,0.0346136310056938,,0.1662153073639601
SPTW11.SA,2296.4508196721317,0.1427061528071399,-0.0317497727612267,5.3473945,-0.0438769786705406
VRTA11.SA,22147.61475409836,0.0039223679152448,-0.0170662057889504,11.930501,0.0038951585490992
XPCM11.SA,2087.5081967213114,0.1853873952463871,-0.0438822207261519,0.27330616,-0.05983072286908
SANB3.SA,122213.9344262295,1.0751413303515218,-0.0373917464013526,7.3742685,-0.0417219049726246
FRAS3.SA,295211.47540983604,0.9609971232480012,0.1744762895859425,19.934782,0.3185847643021618
GEPA4.SA,613.9344262295082,0.1126448604743248,0.0742796852097243,inf,0.153819324093077
OFSA3.SA,7031.9672131147545,0.8492830318107795,0.0206718523815723,8.444,0.0867800645057808
AAPL34.SA,237048.75409836063,-0.1700502869889166,0.0041248286437482,35.284916,0.0372255750618772
ABTT34.SA,574.6967213114754,-0.3932617052889477,0.0632102919716753,16.889503,0.1704608848995971
AMGN34.SA,865.2213114754098,-0.5298442094890116,0.010041523032945,42.137257,0.0683249560101426
AMZO34.SA,326532.90983606555,-0.2320262384767182,0.0428449181345146,37.17834,0.1178596749833255
ARMT34.SA,1028.5983606557377,0.274858225418729,0.0899369930920234,19.068748,0.3574071846819401
ATTB34.SA,6831.229508196721,-0.2943185370031911,0.1367946659390155,18.241135,0.317483358081926
AXPB34.SA,3487.877049180328,-0.0712621810931526,0.0356930023018692,20.086683,0.1429924176166784
BERK34.SA,44784.93442622951,-0.3533986994179489,0.1072927324386589,12.941126,0.2163035510892962
BOAC34.SA,35407.29508196721,-0.0182051548956632,0.0596337571310847,13.537281,0.1676914184640243
CATP34.SA,3947.0819672131142,-0.3151716719742649,-0.0244525557642003,15.648787,-0.0344966468260801
CMCS34.SA,7221.286885245901,-0.6069148620713076,-0.0238662756121443,8.938298,-0.0312700883899866
COCA34.SA,39120.34426229508,-0.1642184867087196,0.0061254579721235,28.287556,0.039394675537995
CSCO34.SA,4331.393442622951,-0.3439338213921302,0.1116568292559145,26.988419,0.2210341688670741
DISB34.SA,75176.9262295082,-0.4371503528226726,0.0504605759538824,32.931038,0.1413093555943957
EXXO34.SA,17822.426229508197,-0.1382265231430759,0.0211289687479679,14.938958,0.0710605173610341
FDMO34.SA,1834.4590163934429,-0.1147851559456732,0.0043528839251273,7.0723767,0.0403767459797337
GEOO34.SA,755.5655737704918,-0.3392261248104919,0.0589627792622751,34.906857,0.1774673904203423
GSGI34.SA,8621.401639344262,0.3313056301649049,0.0733829077281822,14.490221,0.2430704429414438
HALI34.SA,12.173553719008265,-0.1773339767093583,-0.0374672550874848,8.856788,-0.0930329871810539
HOME34.SA,8290.860655737704,-0.211675365733204,-0.0194391248886064,24.612583,-0.0181205983109542
HPQB34.SA,361.5983606557377,-0.0249426698570916,-0.0504666840937748,10.509505,-0.112758213890448
ITLC34.SA,146970.11475409835,-0.2114112374624256,0.0353721784974158,,0.1987454475979093
JNJB34.SA,12677.508196721312,-0.4105417330317623,0.0337920046635656,28.680365,0.0865800653651955
JPMC34.SA,30651.180327868853,-0.2617791553858613,0.0927704354450572,12.688057,0.2399505503475072
LMTB34.SA,71.47107438016529,-0.2482255473699058,-0.0978327290599804,19.959784,-0.188321743259176
MMMC34.SA,985.5409836065572,-0.263884590978767,0.0774348860048295,21.413591,0.1911971654815633
MRCK34.SA,7345.959016393443,-0.4791047798983224,-0.061931968873312,13.910041,-0.1272408010202141
MSCD34.SA,10872.22131147541,-0.1629124450766595,0.0768794877165922,39.458824,0.1770929025310381
MSFT34.SA,188682.75409836063,-0.399613540748033,-0.0291045958452404,31.942177,-0.0242964240976261
NIKE34.SA,20294.073770491803,-0.1826366370284686,-0.0863788419225293,22.602339,-0.175120068569371
ORCL34.SA,8759.5,-0.5399208939960788,0.0024729128481883,36.769226,0.0372551151497775
PFIZ34.SA,11664.401639344262,-0.2401614383135717,-0.027508188502521,18.675,-0.0303281621986482
PGCO34.SA,14589.11475409836,-0.5012989079438296,-0.0010536588093824,26.607843,0.0268446152098975
SBUB34.SA,140.54918032786884,-0.3314241548665972,0.0279431627570296,31.291073,0.0880051779411126
VERZ34.SA,13778.88524590164,-0.2269874385843827,0.0196655450288299,10.632653,0.0689244556680311
VISA34.SA,18633.61475409836,-0.4276161905520905,0.1371652248563981,34.73759,0.2922556709041632
WALM34.SA,56071.62295081967,-0.3776379857991608,0.0584738305186566,36.395348,0.1514557009601586
WFCO34.SA,14621.262295081968,-0.0689309757905505,0.1398085623755472,13.988189,0.4064413014324973
BOEI34.SA,394.3934426229508,-0.1435837969980181,0.0788870391596305,,0.2419353465722421
CHVX34.SA,11348.139344262296,-0.0036944209853244,0.083420024257453,17.193842,0.2059187399028288
COPH34.SA,5272.819672131148,-0.3502894898970921,-0.0015788009963742,13.197298,0.0244248236472947
CTGP34.SA,13643.82786885246,0.1641541320722683,0.0997986003076696,12.587922,0.2777603645386588
IBMB34.SA,89.41803278688525,0.0376851061036128,0.0717473230685471,39.048286,0.2046106085917804
LILY34.SA,22202.89344262295,-0.5518349556535527,-0.0031107510560659,74.67873,0.0197952859905723
MCDC34.SA,,,,27.157894,0.0
MFII11.SA,12774.319672131149,-0.2676305703669008,-0.0487521854065699,3.8319857,-0.0768893910604664
MSBR34.SA,4831.745901639344,-0.319132422812266,0.0867833589412787,15.862527,0.294700805022532
NFLX34.SA,54215.7131147541,-0.2211371561498636,0.1357952373105989,49.417778,0.367842982103798
PEPB34.SA,6107.270491803279,-0.3911321562977837,-0.0446457731924746,21.406843,-0.0617717366827003
SLBG34.SA,97.28688524590164,-0.0901666901786945,0.0114075428771904,13.604756,0.0577228163493441
UPSS34.SA,2237.7377049180327,-0.4805607037721371,-0.0147338087870454,17.354166,-0.008515023419617
USBC34.SA,592.4016393442623,-0.0427820854220371,0.0123174832893772,11.665427,0.0617519385665165
GUAR3.SA,1146403.2786885246,2.6796806862370817,-0.0157067250233405,14.574468,-0.0515529081225207
ACNB34.SA,58.81967213114754,0.0152792738799522,-0.0226856296640439,25.679865,-0.0190775964974598
BONY34.SA,82.19672131147541,-0.0459827614096865,0.1106901572504117,14.843561,0.2447233567669656
DHER34.SA,4628.319672131148,-0.3101651083353342,-0.1189410448992164,40.560745,-0.2412113632273761
TELB4.SA,3694.2622950819673,0.9518553901481936,-0.002433858768393,,0.0203221010201816
TGTB34.SA,137.827868852459,0.0155279751652781,-0.0763755015614688,12.395107,-0.2431561286263495
WHRL3.SA,3313.1147540983607,0.0186429019224383,-0.0546117041814435,13.75,-0.0761317764242413
BMYB34.SA,111.99180327868852,-0.2823712899437771,0.1009783209161033,,0.2905559302374177
COLG34.SA,1455.983606557377,-0.5958440777625303,-0.032675921921559,26.154387,-0.0507507699505039
COTY34.SA,91.38842975206612,-0.1463963089996163,-0.1399667139206596,inf,-0.4190070175153876
EBAY34.SA,124.68032786885246,-0.0027777438195769,0.0268707994021768,16.966993,0.1040482688966963
FCXO34.SA,4397.393442622951,0.0580589972437046,-0.0211127762340613,32.569107,-0.0459618075919753
FDXB34.SA,6.598360655737705,-0.2249210020148988,-0.0121609400867381,15.424837,0.0027212490418812
HSHY34.SA,90.5655737704918,-0.2416390200857748,-0.0410376200407623,15.374699,-0.0887214723746767
MDLZ34.SA,187.4214876033058,-0.1487501554711996,-0.0454222991575109,18.909279,-0.0843814170637967
QCOM34.SA,9500.909836065572,-0.0336246853364895,0.0033324483973956,17.456621,0.0372017862016411
TEXA34.SA,3792.877049180328,-0.0339620812331031,-0.0175065793896124,36.06599,-0.0140868269474038
WUNI34.SA,101.89256198347108,0.0585909010521087,-0.019672188565175,3.9131832,-0.0188135127993364
XRXB34.SA,160.1967213114754,0.1663631054639607,-0.1303124990274679,,-0.4953619152822256
SHUL4.SA,365533.606557377,0.6539198072136728,-0.0421570513591618,8.070423,-0.0429591956529689
KHCB34.SA,1190.2131147540983,-0.2019330652164068,-0.0468269164910886,13.059189,-0.0803124138420857
SAPR4.SA,1673282.786885246,0.4775853663274537,-0.0529482131695211,5.7395835,-0.0853882035842222
RPMG3.SA,13680.32786885246,0.0952927134626563,0.0002614995678368,,0.0296298934086378
BRSR3.SA,6074.5901639344265,0.518100995213744,0.0041424192057701,4.299296,0.035479648637714
ENGI11.SA,3199154.098360656,1.3140525773815248,-0.0323355942839563,29.724638,-0.0396683984810677
SNSY5.SA,3085.245901639344,0.1322388490530232,-0.0335417743084652,,-0.1528431555446578
AZEV4.SA,5746981.967213115,-0.5462684662758996,0.0130748838710101,,0.1511612639518406
BALM4.SA,619.672131147541,0.2217572500795932,0.0334423818770143,7.3648643,0.1395114046948448
BDLL4.SA,150.81967213114754,-0.40950974117634,-0.0016119750415045,,0.0228877421754178
BEES3.SA,12125.409836065572,0.2591275854149846,-0.077829678982984,6.014706,-0.0573669527681954
BEES4.SA,3392.622950819672,0.0423693719424114,-0.081286830984814,6.213235,-0.0695292118121014
BGIP4.SA,1639.7868852459017,-0.0993649881339167,0.0526808804122724,2.8331585,0.1815011096682665
BMEB4.SA,22595.081967213115,0.4894906845539152,-0.0240488834210346,7.649484,-0.0489865664735361
BMIN4.SA,1726.229508196721,-0.2483481016539492,0.0277418346774308,11.073826,0.1485490150697576
BMKS3.SA,48.25409836065574,-0.0557182116027936,0.0925876000787989,12.151898,0.2344629901408608
BOBR4.SA,241606.5573770492,0.9704219890147484,-0.0348468277612363,6.071429,-0.1373830798965251
BSLI4.SA,900.0,0.3188910119377342,-0.0838586207148268,9.22973,-0.1326432812867354
CGAS3.SA,81.81818181818181,0.146737952317677,0.0358579223260844,9.441088,0.2091182658963749
CRPG5.SA,1944.2622950819675,0.1621073162224098,-0.2291263778046905,,-0.3642844135025007
CTKA4.SA,595.9016393442623,0.6746798283981662,0.1076702351364936,2.5821855,0.4557048745246439
CTSA4.SA,10578.688524590165,0.4427609922046874,-0.0762041297665146,,-0.3970069026286964
DOHL4.SA,855.3719008264463,0.1448511573603068,-0.0176197235520258,,-0.0071526572019172
DTCY3.SA,109.91735537190084,0.1071667653358913,-0.0160407628988146,,-0.0238488237412398
EALT4.SA,11998.360655737704,0.1623205874380629,-0.0220045833184711,4.555944,-0.0199145235176079
EKTR4.SA,627.2727272727273,-0.260389905142206,0.0382249154563229,11.046771,0.1729501231667904
EMAE4.SA,2044.2622950819675,0.2449583825080295,-0.0018690960491586,10.270936,0.023933047985957
ENGI3.SA,6694.262295081967,0.9672307490312756,-0.0199390958867409,7.3132534,-0.0378716352174636
ENMT3.SA,86.77685950413223,0.3837820288320352,0.0118631610650072,18.318966,0.0616262373593332
FNAM11.SA,556098.3606557377,-618.1720469675901,0.0909154515299953,,1022.9092137006508
FSRF11.SA,1000.0,,,,0.0
HAGA4.SA,12067.2131147541,0.6670664820095844,0.0158619177838854,3.4166665,0.0708877840821379
HBTS5.SA,209.0909090909091,-0.4102187379641214,-0.066684866463865,1.3965436,-0.2281248895939776
HOOT4.SA,4195.081967213115,0.5495569067514748,0.110989428308878,0.59698683,0.4069846437159182
JOPA3.SA,28.09917355371901,-0.0223763367739187,-0.1525842540360883,6.402439,-0.0884050426863184
KLBN3.SA,313437.7049180328,0.7926526890318369,-0.0235185230018074,13.2,-0.0201935027147828
MNPR3.SA,2671.311475409836,0.5446669343070084,0.1376820385260588,63.57778,0.5383384508949919
MTSA4.SA,2983.6065573770493,0.1391784824658131,0.0407068755059999,8.432323,0.1260114112144102
MWET4.SA,813.9344262295082,1.4936386291731805,0.0778630461542451,,0.605583323907879
PNVL3.SA,308829.5081967213,0.9548725035753296,-0.0793237403957021,12.449276,-0.1152444593036804
RANI3.SA,778240.9836065574,1.031876666248427,-0.0081867599188738,5.625,0.0097507795413207
RCSL3.SA,1941740.163934426,0.3728434467741441,-0.0375738988025403,,-0.2098581227515101
RCSL4.SA,4309845.901639344,0.1626171293173437,0.0475366320013824,,0.4456132295522138
REDE3.SA,1909.016393442623,0.031150860239138,0.0083199496363346,9.642858,0.0400513838847916
RPAD6.SA,150.0,0.0376804574577172,-0.2585139762599546,,-0.8101268078167926
WLMM4.SA,1011.4754098360656,0.4389909552701905,-0.0077064567386993,7.892105,0.0088248890397956
TELB3.SA,1301.639344262295,0.9055335585474772,0.0013212959122158,,0.0342671222280194
UNIP5.SA,518.8524590163935,0.2687457519364998,0.0521911240965133,11.207188,0.2029181479388017
VULC3.SA,691232.7868852459,1.0489919119980775,-0.0108896681393106,7.488152,0.0056164067945542
WHRL4.SA,10828.688524590165,0.2209639593818627,-0.0489832708893969,14.928571,-0.0529151938258167
ALMI11.SA,42.53508771929825,0.1280623980086287,0.0297673349366858,,0.0953513858824121
CEOC11.SA,1001.2622950819672,0.2197881042969571,-0.0352593476804379,,-0.0267717977573055
CNES11.SA,45403.91803278688,0.0801422800458952,-0.1021964752763483,,-0.1842151685911339
EDGA11.SA,1069.377049180328,0.001152380400528,-0.0365954785851329,2.6024022,-0.0349776472687034
FAED11.SA,444.05737704918033,0.2210937290766787,-0.0206581853909251,,-0.0051549424415118
FCFL11.SA,2741.7049180327867,-0.0769398013099568,-0.0040138933943764,,0.0237793377775026
FLRP11.SA,12.637254901960784,0.3488180601698273,0.0158869189900654,5699.9717,0.0631256778451075
HCRI11.SA,139.29508196721312,0.2312606206494805,0.0001198126863245,4.332434,0.0291583146608999
HTMX11.SA,9204.975409836066,-0.2004830311767331,-0.1116247895415931,,-0.2180974207236048
MAXR11.SA,4545.819672131148,-0.0302490944526679,0.0367134936877641,,0.0806740892077811
NSLU11.SA,1216.0245901639344,0.0886414975171303,-0.0534248031009482,,-0.0580257377314454
TRNT11.SA,197.36190476190475,-0.1293800339791455,0.0012602602980562,3.0931122,0.0291810570632514
ARNC34.SA,44.9344262295082,-0.0888494357400948,0.146594366599706,48.74687,0.3798186916159781
ABBV34.SA,2303.5491803278687,-0.1639239036733663,0.0531176683284457,87.95294,0.1598996675465317
BCRI11.SA,8309.926229508197,0.1366714015275651,0.0419034524570298,,0.0934738341060955
BLAK34.SA,4054.467213114754,-0.257856518041815,0.0301096580732618,23.0884,0.0978420123955366
COWC34.SA,7872.745901639344,-0.5091603704281179,0.0277600034542301,54.493824,0.094727642600042
CTSH34.SA,14.065573770491802,-0.1960549800639621,0.0178557704442488,17.494728,0.065605176562417
CVSH34.SA,3715.344262295082,-0.5134103055015594,0.0651564609620556,18.735579,0.2802237327298061
CXRI11.SA,647.8524590163935,0.2765710723633147,-0.030504856549011,,-0.0818668169606343
DEAI34.SA,32.72727272727273,-0.2430634025600744,0.0150607480262184,8.842366,0.0820354052283285
FSLR34.SA,195.70491803278688,-0.0646932767867426,-0.1230713578645546,10.845929,-0.5145501936819125
GILD34.SA,87.10655737704919,-0.0048131688572908,0.1296175323258189,280.11923,0.3199903951728745
GOGL34.SA,214133.0,-0.0904096801171608,0.0327086720889778,21.015749,0.1023812671366436
GOGL35.SA,13535.22950819672,-0.1219289814367851,0.035197593070069,21.35,0.1097561013389329
MACY34.SA,211.4262295081967,-0.1537895956430326,-0.000691979457545,6.8,0.026696338314049
MDTC34.SA,30.322314049586776,0.044685694630092,0.0199971841325563,27.703545,0.0656321372092342
RIGG34.SA,4296.475409836065,0.5210159362796416,-0.0529331686759616,,-0.2111680066354965
ROST34.SA,146.16528925619835,-0.2864770300738784,-0.0804741533223232,19.765625,-0.1340960852420495
SCHW34.SA,2511.3934426229507,0.1346464601473166,0.0987363568652481,27.051888,0.276473190134431
SSFO34.SA,15078.754098360656,-0.2701102413706516,0.0405901842963711,45.7439,0.1488153299960382
TMOS34.SA,7909.081967213115,-0.4040084071600212,-0.0462138084681556,31.779488,-0.0870129874601065
TRVC34.SA,19.508196721311474,0.3408156027170007,0.0767919245790013,12.115486,0.2598675987221301
AALR3.SA,22196.72131147541,0.4351471111946292,-0.0298887956248302,,-0.1008463907232026
BNFS11.SA,1480.27868852459,-0.0169901225297908,-0.2586157401456531,,-0.4362304330112354
CBOP11.SA,414.4672131147541,-0.2375719104457485,-0.0243878469941755,,-0.0741450866749905
CEBR3.SA,3664.754098360656,0.1754451200857763,-0.023413401882126,7.702128,-0.0166351504341338
FIIB11.SA,472.7950819672131,0.0491922858051654,0.0323814590584545,,0.0634115266946838
FIVN11.SA,980.9754098360656,0.3176126198398059,-0.0733467450062659,,-0.4264749489824921
FMOF11.SA,38.12396694214876,0.4688085179865279,0.0140198955431607,,0.0924177239628232
FNOR11.SA,53409723.27868853,-0.2953357536276148,0.0567420661175179,,0.3223489668802937
PABY11.SA,23.66115702479339,-0.3169210734775935,-0.0535194238280262,,-0.2033043041364595
PATI4.SA,57.377049180327866,-0.0005938942430731,0.0653227391932005,10.670732,0.2243566889818673
PLRI11.SA,292.88524590163934,-1.2096944628649824,0.0567153473107616,,0.4798315994483266
PORD11.SA,72232.4262295082,0.1751685906465816,-0.0009066416554988,0.99385744,0.0273178908713979
RBDS11.SA,124.12295081967213,-0.6250752552219339,0.0013252857840873,,0.0387524083294483
RPAD3.SA,271.900826446281,0.2045438178062798,-0.1680449855689318,,-0.8289605105238002
SCPF11.SA,1070.4016393442623,0.1712037710584453,-0.1218785546088146,,-0.3118498796715986
MOVI3.SA,6282454.918032787,2.9020548007791067,-0.0346534516995899,9.729167,-0.158923900371768
BPAC11.SA,9221412.295081967,1.3098369420656464,0.0366237089683459,57.361565,0.1113270370838299
PPLA11.SA,425.827868852459,1.0065008125036985,-0.1055450483975315,242.00002,-0.6130441813877413
AALL34.SA,1881.377049180328,-0.1148549017585367,0.0385194566558584,9.613636,0.172099830712374
GMCO34.SA,9805.45081967213,-0.3911605494769291,0.0408209577194287,8.155973,0.1753266324005893
UPAC34.SA,476.5206611570248,-0.2029625200688945,-0.0244328273030911,21.237913,-0.0167715663644582
RNEW3.SA,120276.22950819672,0.4460465847648751,0.0222298780503275,5.5555553,0.120838364794248
RNEW4.SA,289556.5573770492,0.5162928311580116,0.0173185331456425,5.388889,0.0996650641485143
AZUL4.SA,20432670.49180328,1.7744604814429152,-0.0500877791170551,,-0.23101038545454
KNIP11.SA,106541.0737704918,-0.0139871364768166,-0.0064657144047406,9.913943,0.0232025562526441
TEND3.SA,3124066.393442623,1.686039614827482,0.0313023573365419,16.698795,0.1406710172607425
TSLA34.SA,1990722.5327868853,-0.1123764688791943,0.0430901162630039,138.88889,0.2765587346313598
CRFB3.SA,16393736.06557377,1.6368476411099817,-0.0353435205487,8.951807,-0.1170284807236999
IRBR3.SA,1439010.6557377048,1.535995143674284,0.0401423613322632,5.293401,0.2015432074666053
GGRC11.SA,230901.46721311475,0.081493438216328,-0.0294645966845424,,-0.0057092590118883
GEPA3.SA,181.9672131147541,-0.2868601779725762,0.0677709216746537,inf,0.2891909069976845
CAML3.SA,1193895.0819672132,1.3622249155720867,-0.2656285138409579,3.8484848,-0.7953038587763713
VISC11.SA,51069.04918032787,-0.0460220468475525,0.0034428077706131,4.9951806,0.0347665804468246
SUZB3.SA,6128108.196721312,0.1081610744246645,0.0217583843951734,,0.063275432501655
SAPR11.SA,1118736.8852459015,0.4143136543645159,-0.048035654057721,34.36341,-0.0657707076271143
NEOE3.SA,1391372.1311475409,0.7915807477761498,0.0361112307904082,6.966555,0.0901130466492216
ALZR11.SA,18281.16393442623,-0.0002141891992596,-0.0221853529217067,13.683127,0.0056045852323767
UBSG34.SA,56.72950819672131,-0.0217437389825847,0.060161835394122,21.993048,0.1585433211109453
TXRX4.SA,376.8595041322314,0.4075564371342235,-0.0749301141985713,0.3744856,-0.215268688172651
OUJP11.SA,6327.483606557377,-0.0394436572190918,0.0344425418233916,,0.0795578118585208
BCIA11.SA,5626.05737704918,0.0734473157381374,-0.0474400228070466,,-0.0497680715041215
BOXP34.SA,321.0163934426229,0.0384197380142491,-0.0373647697724689,794.4,-0.0749196947118346
GPRO34.SA,509.0578512396695,0.3751358652853312,-0.065914712317597,,-0.3078455108532387
HFOF11.SA,41662.37704918033,0.1156451202670727,-0.1527062461097889,6.4430084,-0.1467533738832758
RBRF11.SA,420101.9426229508,0.2828328590571197,-0.017779288298092,5.2338705,0.0025082306612721
HAPV3.SA,96507632.78688525,2.057196769387504,-0.1515961590333831,,-0.6342283089881267
GPIV33.SA,25451.15573770492,-0.8764661304443063,0.0009257872043286,1.0506667,0.0333589827883963
IRDM11.SA,56074.66393442623,0.1286011955894511,0.053618212353196,16.79753,0.0977169155281491
TAEE4.SA,156344.26229508198,0.5147969815465383,-0.0110913737293239,6.9512196,0.0168688034995533
XPLG11.SA,45206.84426229508,-0.0124564056977177,-0.0222550029383407,13.25457,-0.0009231082736795
RBRR11.SA,34987.55737704918,0.1180377531894013,-0.0070289885896315,,0.0185670949063498
WPLZ11.SA,73.23140495867769,0.1459903657232765,0.0186318891106208,,0.1047065275549692
TGAR11.SA,84253.27049180328,0.1783713379664566,-0.0863152843527778,,-0.1439443926731671
HGRU11.SA,46223.60655737705,0.133389072688948,-0.008180585467205,7.273913,0.0192138462370146
ALUP3.SA,6686.88524590164,0.8160574139150613,-0.0294682156419114,8.568965,-0.02774127743705
ALUP4.SA,14662.295081967211,0.759137016022308,-0.022895500228375,8.431034,-0.0099899802132417
LOGG3.SA,421273.7704918033,1.0120912175778147,-0.0424525477365023,4.9861116,-0.0949145181382564
KNHY11.SA,46448.81967213115,0.0605496231705301,-0.0236075795940371,10.295337,0.0028229737504846
FVPQ11.SA,2122.901639344262,0.223706332566537,-0.081260359508077,,-0.1674040108447425
CARE11.SA,62871.43442622951,0.0380999964609556,-0.0279640287514578,0.011368989,-0.0734658479426206
TAEE3.SA,80956.55737704918,0.5284690052402324,-0.0065535344100828,6.9329267,0.0212717392182526
XPIN11.SA,5758.803278688524,-0.0507604463814672,-0.0071765031512978,7.0325866,0.0190540287780135
VSHO11.SA,1337.573770491803,-0.0230361180723188,-0.0238841068456957,6.0640216,-0.0134717139897918
AZEV3.SA,1271874.5901639345,-0.6361547860340053,0.0061794455087056,,0.0869706298367648
BPAC3.SA,4500.0,1.146185121624053,0.0613789697232792,11.294478,0.2087864248850817
HAGA3.SA,7840.983606557377,0.6660216633613871,-0.0231755047251737,6.138889,-0.0665837208497321
PATI3.SA,157.8512396694215,-1.0386869172374154,0.0335079466861348,8.353659,0.2287806883925022
BPAC5.SA,6036.88524590164,1.278382408469666,0.0036676012422786,5.141104,0.040315297491311
LUXM4.SA,379.5081967213115,0.2392550161780887,-0.0479694355112036,16.764706,-0.1235269252005988
MERC4.SA,195.86776859504133,-0.1728586382586872,0.0022821312306423,15.655738,0.0353812184330096
RSUL4.SA,1251.639344262295,0.2106936897996038,0.0801005844435169,7.315408,0.1703816699231183
PATC11.SA,11696.94262295082,0.1054053777841101,0.0376075473351341,,0.0678697011618806
BBDC3.SA,8890367.213114753,1.2620346514797216,-0.0415383490206436,8.846154,-0.0495303681267137
VGIR11.SA,566762.4180327869,-0.0179765192009707,0.0109145621422084,,0.0414990711099716
VILG11.SA,24022.27049180328,0.0761190317895171,0.0010750799453376,8.361876,0.0305033106371895
VAMO3.SA,9687941.803278688,2.452298292717412,-0.0644536803669421,6.703125,-0.2838197671435033
MELI34.SA,507030.7213114754,-0.0319226553501603,0.0239252622957501,57.52809,0.1055923762500676
MOAR3.SA,55.73770491803279,-0.3375049378293913,-0.040155352412582,50.50505,-0.1193326731292874
RBVA11.SA,22553.77868852459,0.0132269984721518,-0.1431379192111955,4.46482,-0.1803909615498414
MRSA3B.SA,99.17355371900828,-0.0220591613846208,-0.0025345313378124,7.730673,0.0226724146781717
VTLT11.SA,1056.639344262295,-0.0872749246936409,-0.0424264974768538,3.7782743,-0.0322791480402038
GTWR11.SA,13187.081967213117,0.0359438758188246,-0.0406082916260561,4.594203,-0.019361088841909
HCTR11.SA,59432.45901639344,-0.2325428638586346,-0.0644562544436273,3.539823,-0.2240922868294964
HSML11.SA,48596.76229508197,0.1567973535388862,-0.0485090436657322,3.5452151,-0.0445175133201074
HABT11.SA,16140.852459016394,0.0959808240205762,-0.0132176622763243,,0.0073386232288318
RECT11.SA,10280.483606557376,0.0876682346982376,0.0417313397334718,0.65652007,0.1158111189755534
BARI11.SA,8419.098360655738,0.0774749329408804,0.0236901817210742,7.256134,0.0706690200266079
ERPA11.SA,699.3513513513514,-0.0415118957355352,-0.0062389507131896,10.1804285,0.0051897104885407
FISC11.SA,170.53719008264463,-0.2501037164217203,0.0085864827648227,6.572295,0.0860965213270378
HGFF11.SA,5185.4672131147545,0.1339193099870008,-0.0588919185583295,4.577252,-0.0596548443396068
HUSC11.SA,47.91803278688525,-0.8276257422307893,-0.0175890986835035,4.416821,-0.0400497552419003
NVHO11.SA,294.844262295082,0.0466935628120636,0.0126525832957989,,0.0880560595408481
RBFF11.SA,13164.352459016394,0.0519969516487262,-0.0508951354119001,8.11199,-0.0859656451221655
RBRP11.SA,28551.72131147541,0.3460934498459255,-0.068964179614214,,-0.1061028736668013
RBRY11.SA,37467.63934426229,0.0346417654193306,0.005755284909264,,0.0370625571042538
RCFA11.SA,298.6311475409836,0.2143806616191996,-0.0737570374033935,0.07474748,-0.2840735484544231
SADI11.SA,36801.39344262295,0.1298419461610651,0.0814350051728684,7.4322042,0.147750582852626
VIVA3.SA,3904500.0,1.691615394993896,-0.1156968634823934,6.7805758,-0.3372276159936807
CEAB3.SA,4663951.639344262,2.3010763837588195,0.0223647539186867,7.0272107,0.135105544917873
BMGB4.SA,515845.08196721313,0.7547149740560178,0.0104291043093569,8.72093,0.0496372248032502
CVBI11.SA,25646.532786885247,-0.1466290894370407,-0.0158003341646437,5.7934628,0.0003231670740223
HRDF11.SA,899.5867768595041,-0.2846530279921437,0.0009145512664642,1.6483516,0.0322881772358181
